topic,hint
Airport,Waiting
Hospital,Sterile
Wedding,Guests
Gym,Sweat
Casino,Chips
Beach,Sand
Space Station,Floating
Submarine,Pressure
Cinema,Dark
Library,Quiet
Zoo,Cages
Bank Vault,Locked
Police Station,Questions
Circus,Tent
Ski Resort,Cold
Cruise Ship,Deck
Art Museum,Framed
Pirate Ship,Rope
Amusement Park,Queues
Restaurant Kitchen,Heat
Recording Studio,Headphones
Courtroom,Verdict
Military Base,Orders
Haunted House,Creaking
Supermarket,Trolley
Train Station,Platform
Desert Caravan,Thirst
Ancient Temple,Stone
Football Stadium,Crowd
Petrol Station,Pump
Barber Shop,Mirror
Bowling Alley,Lanes
Aquarium,Glass
Dentist Office,Chair
Nightclub,Bass
Farm,Mud
Airport Lounge,Delayed
Ferry Terminal,Ramp
Observatory,Lens
Mountain Cabin,Firewood
Server Room,Humming
Print Shop,Ink
Fish Market,Ice
Construction Site,Helmets
Post Office,Stamps
Racetrack,Laps
Vineyard,Barrels
Theatre Backstage,Curtain
University Lecture Hall,Notes
Camping Site,Tent Pegs
